product name,product price,product link
,,
MSI Gaming GeForce RTX 3080 10GB GDDR6X PCI Express 4.0 ATX Video Card RTX 3080 GAMING Z TRIO 10G LHR,1421,https://www.newegg.ca/msi-geforce-rtx-3080-rtx-3080-gaming-z-trio-10g-lhr/p/N82E16814137677?Description=3080&cm_re=3080-_-14-137-677-_-Product
,,
GIGABYTE Gaming OC GeForce RTX 3080 10GB GDDR6X PCI Express 4.0 ATX Video Card GV-N3080GAMING OC-10GD (rev. 2.0) (LHR),1299,https://www.newegg.ca/gigabyte-geforce-rtx-3080-gv-n3080gaming-oc-10gd/p/N82E16814932459?Description=3080&cm_re=3080-_-14-932-459-_-Product
,,
MSI Ventus GeForce RTX 3080 10GB GDDR6X PCI Express 4.0 Video Card RTX 3080 VENTUS 3X PLUS 10G OC LHR,1119,https://www.newegg.ca/msi-geforce-rtx-3080-rtx-3080-ventus-3x-plus-10g-oc-lhr/p/N82E16814137686?Description=3080&cm_re=3080-_-14-137-686-_-Product
,,
MSI Ventus GeForce RTX 3080 12GB GDDR6X PCI Express 4.0 Video Card RTX 3080 VENTUS 3X PLUS 12G OC LHR,1329,https://www.newegg.ca/msi-geforce-rtx-3080-rtx-3080-ventus-3x-plus-12g-oc-lhr/p/N82E16814137712?Description=3080&cm_re=3080-_-14-137-712-_-Product
,,
"GIGABYTE GeForce RTX 3080 GAMING OC 12G Graphics Card, 3 x WINDFORCE Fans, 12GB 384-bit GDDR6X, GV-N3080GAMING OC-12GD Video Card",1249,https://www.newegg.ca/gigabyte-geforce-rtx-3080-gv-n3080gaming-oc-12gd/p/N82E16814932489?Description=3080&cm_re=3080-_-14-932-489-_-Product
,,
GIGABYTE Vision OC GeForce RTX 3080 10GB GDDR6X PCI Express 4.0 ATX Video Card GV-N3080VISION OC-10GD (rev. 2.0) (LHR),1299,https://www.newegg.ca/gigabyte-geforce-rtx-3080-gv-n3080vision-oc-10gd/p/N82E16814932460?Description=3080&cm_re=3080-_-14-932-460-_-Product
,,
"EVGA GeForce RTX 3080 Ti FTW3 ULTRA GAMING Video Card, 12G-P5-3967-KR, 12GB GDDR6X, iCX3 Technology, ARGB LED, Metal Backplate",1826,https://www.newegg.ca/evga-geforce-rtx-3080-ti-12g-p5-3967-kr/p/N82E16814487547?Description=3080&cm_re=3080-_-14-487-547-_-Product
,,
"ASUS ROG Strix NVIDIA GeForce RTX 3080 OC Edition Gaming Graphics Card (PCIe 4.0, 12GB GDDR6X, LHR, HDMI 2.1, DisplayPort 1.4a, Axial-tech Fan Design, 2.9-slot, Super Alloy Power II, GPU Tweak II)",1574,https://www.newegg.ca/asus-geforce-rtx-3080-rog-strix-rtx3080-o12g-gaming/p/N82E16814126550?Description=3080&cm_re=3080-_-14-126-550-_-Product
,,
ASUS ROG STRIX GeForce RTX 3080 Ti 12GB GDDR6X PCI Express 4.0 x16 Video Card ROG-STRIX-LC-RTX3080TI-O12G-GAMING,2099,https://www.newegg.ca/asus-geforce-rtx-3080-ti-rog-strix-lc-rtx3080ti-o12g-gaming/p/N82E16814126517?Description=3080&cm_re=3080-_-14-126-517-_-Product
,,
"ASUS TUF Gaming NVIDIA GeForce RTX 3080 OC Edition Graphics Card (PCIe 4.0, 12GB GDDR6X, LHR, HDMI 2.1, DisplayPort 1.4a, Dual Ball Fan Bearings, Military-grade Certification, GPU Tweak)",1499,https://www.newegg.ca/asus-geforce-rtx-3080-tuf-rtx3080-o12g-gaming/p/N82E16814126551?Description=3080&cm_re=3080-_-14-126-551-_-Product
,,
"EVGA GeForce RTX 3080 Ti XC3 ULTRA GAMING Video Card, 12G-P5-3955-KR, 12GB GDDR6X, iCX3 Cooling, ARGB LED, Metal Backplate",1639,https://www.newegg.ca/evga-geforce-rtx-3080-ti-12g-p5-3955-kr/p/N82E16814487548?Description=3080&cm_re=3080-_-14-487-548-_-Product
,,
"EVGA GeForce RTX 3080 FTW3 ULTRA GAMING Video Card, 10G-P5-3897-KL, 10GB GDDR6X, iCX3 Technology, ARGB LED, Metal Backplate, LHR",1199,https://www.newegg.ca/evga-geforce-rtx-3080-10g-p5-3897-kl/p/N82E16814487541?Description=3080&cm_re=3080-_-14-487-541-_-Product
,,
"GIGABYTE Gaming GeForce RTX 3080 Ti 12GB 384-Bit GDDR6X PCI Express 4.0 x16 ATX Video Card, 3X WINDFORCE Fans, GV-N308TGAMING OC-12GD Graphics Card",1698,https://www.newegg.ca/gigabyte-geforce-rtx-3080-ti-gv-n308tgaming-oc-12gd/p/1FT-000A-002A6?Description=3080&cm_re=3080-_-9SIAPBWFD56563-_-Product
,,
"EVGA GeForce RTX 3080 XC3 ULTRA GAMING Video Card, 10G-P5-3885-KL, 10GB GDDR6X, iCX3 Cooling, ARGB LED, Metal Backplate, LHR",1295,https://www.newegg.ca/evga-geforce-rtx-3080-10g-p5-3885-kl/p/N82E16814487542?Description=3080&cm_re=3080-_-14-487-542-_-Product
,,
ZOTAC AMP Extreme Holo GeForce RTX 3080 Ti 12GB GDDR6X PCI Express 4.0 ATX Video Card ZT-A30810B-10P,1669,https://www.newegg.ca/zotac-geforce-rtx-3080-ti-zt-a30810b-10p/p/N82E16814500527?Description=3080&cm_re=3080-_-14-500-527-_-Product
,,
GIGABYTE Eagle GeForce RTX 3080 Ti 12GB GDDR6X PCI Express 4.0 ATX Video Card GV-N308TEAGLE OC-12GD,1599,https://www.newegg.ca/gigabyte-geforce-rtx-3080-ti-gv-n308teagle-oc-12gd/p/N82E16814932438?Description=3080&cm_re=3080-_-14-932-438-_-Product
,,
GIGABYTE AORUS GeForce RTX 3080 XTREME WATERFORCE 10GB GDDR6X PCI Express 4.0 ATX Video Card GV-N3080AORUSX W-10GD (rev. 2.0) (LHR),1549,https://www.newegg.ca/gigabyte-geforce-rtx-3080-gv-n3080aorusx-w-10g-v2-0/p/N82E16814932472?Description=3080&cm_re=3080-_-14-932-472-_-Product
,,
GIGABYTE AORUS GeForce RTX 3080 10GB GDDR6X PCI Express 4.0 ATX GAMING BOX GV-N3080IXEB-10GD (rev. 2.0) (LHR),1749,https://www.newegg.ca/gigabyte-geforce-rtx-3080-gv-n3080ixeb-10gd-r2/p/N82E16814932471?Description=3080&cm_re=3080-_-14-932-471-_-Product
,,
MSI Gaming GeForce RTX 3080 LHR 10GB GDRR6X 320-Bit HDMI/DP Nvlink Torx Fan 3 Ampere Architecture OC Graphics Card (RTX 3080 Ventus 3X Plus 10G OC LHR),1368,https://www.newegg.ca/msi-rtx-3080-ventus-3x-plus-10g-oc-lhr/p/1FT-0009-00704?Description=3080&cm_re=3080-_-1FT-0009-00704-_-Product
,,
MSI Ventus GeForce RTX 3080 10GB GDDR6X PCI Express 4.0 Video Card RTX 3080 VENTUS 3X 10G OC,1778,https://www.newegg.ca/msi-geforce-rtx-3080-rtx-3080-ventus-3x-10g-oc/p/N82E16814137598?Description=3080&cm_re=3080-_-14-137-598-_-Product
,,
MSI Gaming GeForce RTX 3080 10GB GDDR6X PCI Express 4.0 ATX Video Card RTX 3080 GAMING Z TRIO 10G LHR,1548,https://www.newegg.ca/p/1FT-0009-006M6?Description=3080&cm_re=3080-_-1FT-0009-006M6-_-Product
,,
GIGABYTE AORUS GeForce RTX 3080 12GB GDDR6X PCI Express 4.0 ATX Video Card GV-N3080AORUSX WB-12GD,1899,https://www.newegg.ca/gigabyte-geforce-rtx-3080-gv-n3080aorusx-wb-12gd/p/N82E16814932504?Description=3080&cm_re=3080-_-14-932-504-_-Product
,,
ASUS ROG Strix GeForce RTX 3080 10GB GDDR6X PCI Express 4.0 Video Card ROG-STRIX-RTX3080-O10G-WHITE-V2 LHR,1729,https://www.newegg.ca/p/1FT-000Y-00654?Description=3080&cm_re=3080-_-1FT-000Y-00654-_-Product
,,
GIGABYTE AORUS GeForce RTX 3080 Ti 12GB GDDR6X PCI Express 4.0 ATX Video Card GV-N308TAORUSX WB-12GD,2049,https://www.newegg.ca/gigabyte-geforce-rtx-3080-ti-gv-n308taorusx-wb-12gd/p/N82E16814932463?Description=3080&cm_re=3080-_-14-932-463-_-Product
,,
MSI Suprim GeForce RTX 3080 10GB GDDR6X PCI Express 4.0 Video Card RTX 3080 SUPRIM X 10G,1876,https://www.newegg.ca/msi-geforce-rtx-3080-rtx3080-suprim-x-10g/p/N82E16814137609?Description=3080&cm_re=3080-_-14-137-609-_-Product
,,
ASUS ROG STRIX GeForce RTX 3080 10GB GDDR6X PCI Express 4.0 x16 ATX Video Card ROG-STRIX-RTX3080-O10G-WHITE-V2 (LHR),1624,https://www.newegg.ca/p/1FT-000Y-00690?Description=3080&cm_re=3080-_-1FT-000Y-00690-_-Product
,,
CORN GeForce RTX 3080 Ti NB-V 12GB Graphics Card,3749,https://www.newegg.ca/corn-rtx-3080-ti-nb-v/p/1FT-0040-000S1?Description=3080&cm_re=3080-_-9SIADDZFD50913-_-Product
,,
CORN iGame GeForce RTX 3080 Ti Advanced OC-V 12GB Graphics Card,4239,https://www.newegg.ca/corn-rtx-3080-ti-advanced-oc/p/1FT-0040-000K5?Description=3080&cm_re=3080-_-9SIADDZFD51077-_-Product
,,
CORN iGame GeForce RTX 3080 Ti Vulcan OC-V 12GB Graphics Card,5189,https://www.newegg.ca/corn-rtx-3080-ti-vulcan-oc-v/p/1FT-0040-000S2?Description=3080&cm_re=3080-_-9SIADDZFD50911-_-Product
,,
GIGABYTE AORUS GeForce RTX 3080 XTREME 10GB GDDR6X PCI Express 4.0 ATX Video Card GV-N3080AORUS X-10GD (rev. 2.0) (LHR),1398,https://www.newegg.ca/gigabyte-geforce-rtx-3080-gv-n3080aorus-x-10gd/p/N82E16814932457?Description=3080&cm_re=3080-_-14-932-457-_-Product
,,
CORN iGame GeForce RTX 3080 Vulcan OC 10G-V Graphics Card,4239,https://www.newegg.ca/corn-rtx-3080-vulcan-oc-10g-v/p/1FT-0040-000R9?Description=3080&cm_re=3080-_-9SIADDZFD50931-_-Product
,,
CORN iGame GeForce RTX 3080 Neptune OC 10G-V Graphics Card,3819,https://www.newegg.ca/corn-rtx-3080-oc-10g-lhr-v/p/1FT-0040-000R7?Description=3080&cm_re=3080-_-9SIADDZFD50936-_-Product
,,
CORN GeForce RTX 3080 Ti 12GB 1695MHz OC[FG] Graphics Card - GA102-225(LHR),3859,https://www.newegg.ca/corn-rtx-3080-oc-fg/p/1FT-0040-000V8?Description=3080&cm_re=3080-_-9SIADDZFED8025-_-Product
,,
CORN iGame GeForce RTX 3080 Advanced OC 10G LHR-V Graphics Card,3099,https://www.newegg.ca/corn-rtx-3080-oc-10g-lhr-v/p/1FT-0040-000K6?Description=3080&cm_re=3080-_-9SIADDZFD51072-_-Product
,,
GIGABYTE AORUS GeForce RTX 3080 MASTER 10GB GDDR6X PCI Express 4.0 ATX Video Card GV-N3080AORUS M-10GD (rev. 3.0) (LHR),1495,https://www.newegg.ca/gigabyte-geforce-rtx-3080-gv-n3080aorus-m-10gd/p/N82E16814932458?Description=3080&cm_re=3080-_-14-932-458-_-Product
,,
"Gainward GeForce RTX 3080 XingJi LanJue G (LHR) Video Card,10GB 320-bit GDDR6X,PCI Express 4.0,1×HDMI 2.1 Interface, 3×DisplayPort1.4a Interface",2319,https://www.newegg.ca/p/1FT-0040-00167?Description=3080&cm_re=3080-_-9SIADDZH9P5340-_-Product
,,
"CORN GeForce RTX 3080 Ti HOF Extreme Graphics Card, GA102-225, 12GB DDR6X",5559,https://www.newegg.ca/corn-rtx-3080-ti-hof-extreme/p/1FT-0040-000W0?Description=3080&cm_re=3080-_-9SIADDZFED8026-_-Product
,,
"Gainward GeForce RTX 3080 Glare G (LHR) Video Card,10GB 320-bit GDDR6X,PCI Express 4.0,1×HDMI2.1 Interface, 3×DisplayPort1.4a Interface",2349,https://www.newegg.ca/p/1FT-0040-00163?Description=3080&cm_re=3080-_-9SIADDZH9P6413-_-Product
,,
"Gainward GeForce RTX 3080 Chasing The Wind G (LHR) Video Card,10GB 320-bit GDDR6X,PCI Express 4.0,1×HDMI2.1 Interface, 3×DisplayPort1.4a Interface",2079,https://www.newegg.ca/p/1FT-0040-00162?Description=3080&cm_re=3080-_-9SIADDZH9P6417-_-Product
,,
Yeston RTX 3080 10GB GDDR6X 320bit LHR Graphics cards Nvidia pci express x16 4.0 HDMI 2.1*1 + DP1.4a*3 Desktop computer PC video gaming graphics card,1349,https://www.newegg.ca/yeston-geforce-rtx-3060-rtx-3060-12gd6-lb/p/1FT-007N-00070?Description=3080&cm_re=3080-_-9SIB3EJJ482159-_-Product
,,
"GIGABYTE GeForce RTX 3080 GAMING OC WATERFORCE WB 10G (rev2.0) Graphics Card, WATERFORCE Water Block Cooling System, 10GB 320-bit GDDR6X, GV-N3080GAMINGOC WB-10GD Rev2.0 Video Card (LHR)",1399,https://www.newegg.ca/gigabyte-geforce-rtx-3080-gv-n3080gamingoc-wb-10gd-rev2-0/p/N82E16814932478?Description=3080&cm_re=3080-_-14-932-478-_-Product
,,
"GIGABYTE AORUS GeForce RTX 3080 Ti Master 12G Graphics Card, Max Covered Cooling, 12GB 384-bit",3188,https://www.newegg.ca/p/1FT-000A-003J5?Description=3080&cm_re=3080-_-9SIB42GHCD1962-_-Product
,,
GAINWARD Gaming GeForce RTX 3080 Ti 12GB GDDR6X PCI Express 4.0 Video Card RTX 3080 Ti Gaming X Trio 12G,1421,https://www.newegg.ca/gainward-ga102-225/p/1FT-00FZ-00003?Description=3080&cm_re=3080-_-9SIB86YH6Z8122-_-Product
,,
"GIGABYTE GeForce RTX 3080 Ti Gaming OC 12G Graphics Card, 3X WINDFORCE Fans, 12GB 384-Bit GDDR6X,",2687,https://www.newegg.ca/p/1FT-000A-003J7?Description=3080&cm_re=3080-_-9SIB42GHCD1956-_-Product
,,
MSI Gaming GeForce RTX 3080 10GB GDDR6X PCI Express 4.0 ATX Video Card RTX 3080 GAMING Z TRIO 10G LHR,1998,https://www.newegg.ca/msi-3080-gaming-z-trio-10g-lhr/p/1FT-0009-00819?Description=3080&cm_re=3080-_-1FT-0009-00819-_-Product
,,
MSI Ventus GeForce RTX 3080 Ti 12GB GDDR6X PCI Express 4.0 ATX Video Card RTX 3080 Ti VENTUS 3X 12G,1799,https://www.newegg.ca/msi-geforce-rtx-3080-ti-rtx-3080-ti-ventus-3x-12g/p/N82E16814137656?Description=3080&cm_re=3080-_-14-137-656-_-Product
,,
ZOTAC Trinity OC White Edition LHR GeForce RTX 3080 10GB GDDR6X PCI Express 4.0 ATX Video Card ZT-A30800K-10PLHR,1363,https://www.newegg.ca/zotac-geforce-rtx-3080-zt-a30800k-10plhr1/p/N82E16814500535?Description=3080&cm_re=3080-_-14-500-535-_-Product
,,
GDDR6X Gigabyte GeForce RTX 3080 Ti GAMING OC 12G RTX 3080 Ti Gaming Graphics Card 19000MHz,3064,https://www.newegg.ca/p/1FT-000A-003N4?Description=3080&cm_re=3080-_-9SIB42GHD94860-_-Product
,,
GDDR6X MSI GeForce RTX 3080 VENTUS 3X 10G OC LHR Graphics Card RTX 3080 10GB 320bit PCI Express 4.0,1999,https://www.newegg.ca/p/1FT-0009-008G1?Description=3080&cm_re=3080-_-9SIB518HCJ0269-_-Product
,,
GDDR6X MSI GeForce RTX 3080 VENTUS 3X 10G OC LHR Graphics Card RTX 3080 10GB 320bit PCI Express 4.0,1999,https://www.newegg.ca/p/1FT-0009-008M3?Description=3080&cm_re=3080-_-9SIB518HCJ2709-_-Product
,,
GDDR6X Asus ROG STRIX RTX3080 O10G GAMING Graphics GeForce RTX 3080 Video Card RTX 3080 Graphics,2899,https://www.newegg.ca/p/1FT-000Y-006U5?Description=3080&cm_re=3080-_-9SIB517HD44728-_-Product
,,
GDDR6X Gigabyte AORUS GeForce RTX 3080 MASTER 10G LHR Graphics Card 320bit RTX 3080 Gaming Video,3128,https://www.newegg.ca/p/1FT-000A-003X6?Description=3080&cm_re=3080-_-9SIB42GHD96719-_-Product
,,
GDDR6X Gigabyte AORUS GeForce RTX 3080 MASTER 10G LHR Graphics Card 320bit RTX 3080 Gaming Video,3128,https://www.newegg.ca/p/1FT-000A-003X2?Description=3080&cm_re=3080-_-9SIB42GHD96723-_-Product
,,
MSI Ventus GeForce RTX 3080 10GB GDDR6X PCI Express 4.0 Video Card RTX 3080 VENTUS 3X 10G OC LHR,1639,https://www.newegg.ca/p/1FT-0009-006M5?Description=3080&cm_re=3080-_-1FT-0009-006M5-_-Product
,,
MSI Gaming Z Trio 10G LHR NVIDIA GeForce RTX 3080 10GB GDDR6X Graphics Card,1299,https://www.newegg.ca/p/1FT-0009-008E2?Description=3080&cm_re=3080-_-1FT-0009-008E2-_-Product
,,
GDDR6X MSI GeForce RTX 3080 SUPRIM X 10G LHR Graphics Card 19000MHz GDDR6X 10GB 320bit 7680×4320 RTX,2599,https://www.newegg.ca/p/1FT-0009-008K4?Description=3080&cm_re=3080-_-9SIB518HCJ2727-_-Product
,,
"EVGA GeForce RTX 3080 12GB XC3 BLACK GAMING Video Card, 12G-P5-4861-KL, 12GB GDDR6X, iCX3 Cooling, ARGB LED, LHR",1911,https://www.newegg.ca/evga-geforce-rtx-3080-12g-p5-4861-kl/p/N82E16814487559?Description=3080&cm_re=3080-_-9SIB277HSS2695-_-Product
,,
GDDR6X MSI GeForce RTX 3080 SUPRIM X 10G LHR Graphics Card GDDR6X 320bit PCI Express 4.0 16X RTX,2591,https://www.newegg.ca/p/1FT-0009-008G2?Description=3080&cm_re=3080-_-9SIB518HCJ0509-_-Product
,,
MSI Raphic Cards GeForce RTX 3080 GAMING Z TRIO 10G LHR 10GB GDDR6X Graphics Cards 320bit HDCP,2536,https://www.newegg.ca/p/1FT-0009-008G8?Description=3080&cm_re=3080-_-1FT-0009-008G8-_-Product
,,
GDDR6X Gigabyte GeForce RTX 3080 GAMING OC 10G LHR Graphics Card 320bit PCI Express 4.0 16X PC RTX,2419,https://www.newegg.ca/p/1FT-000A-003M6?Description=3080&cm_re=3080-_-9SIB42GHD94656-_-Product
,,
GDDR6X MSI GeForce RTX 3080 GAMING Z TRIO 10G LHR Graphics Card 10GB 320bit PCI Express 4.0 16X RTX,2219,https://www.newegg.ca/p/1FT-0009-008J5?Description=3080&cm_re=3080-_-1FT-0009-008J5-_-Product
,,
GDDR6X Gigabyte GeForce RTX 3080 Ti VISION OC 12G LHR Gaming Graphics Card RTX 3080Ti Video Card,3118,https://www.newegg.ca/p/1FT-000A-003V9?Description=3080&cm_re=3080-_-9SIB42GHD96747-_-Product
,,
MSI Raphic Cards GeForce RTX 3080 VENTUS 3X 10G OC LHR 10GB GDDR6X Graphics Cards 320bit HDCP,1888,https://www.newegg.ca/p/1FT-0009-008H1?Description=3080&cm_re=3080-_-9SIB518HCJ0696-_-Product
,,
"ASUS TUF Gaming NVIDIA GeForce RTX 3080 V2 OC Edition Graphics Card (PCIe 4.0, 10GB GDDR6X, LHR, HDMI 2.1, DisplayPort 1.4a, Dual Ball Fan Bearings, Military-grade Certification, GPU Tweak II)",1449,https://www.newegg.ca/asus-tuf-rtx3080-o10g-v2-gaming/p/1FT-000Y-00688?Description=3080&cm_re=3080-_-9SIAPBWGUP6661-_-Product
,,
MSI GeForce RTX 3080 AERO S 10G LHR Graphics 1905 MHz DisplayPort x 3 RTX 3080 Graphics card rtx3080 video card GDDR6X,2289,https://www.newegg.ca/msi-geforce-rtx-3080/p/1FT-0009-00937?Description=3080&cm_re=3080-_-9SIAVH1HV34341-_-Product
,,
GIGABYTE Gaming OC GeForce RTX 3080 10GB GDDR6X PCI Express 4.0 ATX Video Card GV-N3080GAMING OC-10GD (rev. 2.0) (LHR),1299,https://www.newegg.ca/gigabyte-geforce-rtx-3080-gv-n3080gaming-oc-10gd/p/N82E16814932459R?Description=3080&cm_re=3080-_-14-932-459R-_-Product
,,
MSI Suprim GeForce RTX 3080 10GB GDDR6X Video Card RTX 3080 SUPRIM X 10G LHR,1924,https://www.newegg.ca/p/1FT-0009-006F7?Description=3080&cm_re=3080-_-1FT-0009-006F7-_-Product
,,
GIGABYTE Vision GeForce RTX 3080 Ti 12GB GDDR6X PCI Express 4.0 x16 ATX Video Card GV-N308TVISION OC-12GD,2199,https://www.newegg.ca/p/1FT-000A-002A5?Description=3080&cm_re=3080-_-9SIAPBWFD56548-_-Product
,,
MSI Gaming GeForce RTX 3080 10GB GDDR6X PCI Express 4.0 ATX Video Card RTX 3080 GAMING Z TRIO 10G LHR,2541,https://www.newegg.ca/p/1FT-0009-008V8?Description=3080&cm_re=3080-_-9SIB9EBH016309-_-Product
,,
GIGABYTE AORUS GeForce RTX 3080 Ti 12GB GDDR6X PCI Express 4.0 x16 ATX Video Card GV-N308TAORUS M-12GD,1999,https://www.newegg.ca/p/1FT-000A-00254?Description=3080&cm_re=3080-_-9SIAPBWFD56610-_-Product
,,
MSI Suprim GeForce RTX 3080 10GB GDDR6X Video Card RTX 3080 SUPRIM X 10G LHR,2058,https://www.newegg.ca/p/1FT-0009-006H1?Description=3080&cm_re=3080-_-1FT-0009-006H1-_-Product
,,
GIGABYTE Eagle GeForce RTX 3080 10GB GDDR6X PCI Express 4.0 ATX Video Card GV-N3080EAGLE-10GD (rev. 2.0) (LHR),1403,https://www.newegg.ca/gigabyte-geforce-rtx-3080-gv-n3080eagle-10gd/p/N82E16814932461?Description=3080&cm_re=3080-_-14-932-461-_-Product
,,
GIGABYTE AORUS GeForce RTX 3080 Ti 12GB GDDR6X PCI Express 4.0 ATX Video Card GV-N308TAORUS X-12GD,2092,https://www.newegg.ca/gigabyte-geforce-rtx-3080-ti-xtreme-12g/p/N82E16814932440?Description=3080&cm_re=3080-_-14-932-440-_-Product
,,
GIGABYTE AORUS GeForce RTX 3080 12GB GDDR6X PCI Express 4.0 ATX Video Card GV-N3080AORUS M-12GD,1799,https://www.newegg.ca/gigabyte-geforce-rtx-3080-gv-n3080aorus-m-12gd/p/N82E16814932505?Description=3080&cm_re=3080-_-14-932-505-_-Product
,,
GIGABYTE AORUS GeForce RTX 3080 12GB GDDR6X PCI Express 4.0 ATX Video Card GV-N3080AORUSX W-12GD,1999,https://www.newegg.ca/gigabyte-geforce-rtx-3080-gv-n3080aorusx-w-12gd/p/N82E16814932503?Description=3080&cm_re=3080-_-14-932-503-_-Product
,,
MSI Ventus GeForce RTX 3080 Ti 12GB GDDR6X PCI Express 4.0 x16 ATX Video Card RTX 3080 Ti Ventus 3X 12G OC,1618,https://www.newegg.ca/p/1FT-0009-006C5?Description=3080&cm_re=3080-_-1FT-0009-006C5-_-Product
,,
ZOTAC Trinity OC GeForce RTX 3080 12GB GDDR6X PCI Express 4.0 ATX Video Card ZT-A30820J-10PLHR,1518,https://www.newegg.ca/zotac-geforce-rtx-3080-zt-a30820j-10plhr/p/N82E16814500526?Description=3080&cm_re=3080-_-14-500-526-_-Product
,,
MSI Gaming GeForce RTX 3080 10GB GDDR6X PCI Express 4.0 ATX Video Card RTX 3080 GAMING Z TRIO 10G,1832,https://www.newegg.ca/msi-geforce-rtx-3080-gaming-z-trio-10g/p/N82E16814137652?Description=3080&cm_re=3080-_-14-137-652-_-Product
,,
"GIGABYTE AORUS GeForce RTX 3080 10GB GDDR6X PCI Express 4.0 ATX Video Card GV-N3080AORUS X-10GD (rev. 2.0), LHR",2239,https://www.newegg.ca/p/1FT-000A-002M6?Description=3080&cm_re=3080-_-9SIAPBWFVU1086-_-Product
,,
MSI Gaming GeForce RTX 3080 Ti 12GB GDDR6X PCI Express 4.0 x16 Video Card RTX 3080 Ti Gaming X Trio 12G,1678,https://www.newegg.ca/p/1FT-0009-006C7?Description=3080&cm_re=3080-_-1FT-0009-006C7-_-Product
,,
MSI Gaming GeForce RTX 3080 Ti 12GB GDDR6X PCI Express 4.0 ATX Video Card RTX 3080 Ti GAMING TRIO 12G,2677,https://www.newegg.ca/msi-geforce-rtx-3080-ti-gaming-trio-12g/p/N82E16814137658?Description=3080&cm_re=3080-_-9SIAJECJ3G9820-_-Product
,,
GEFORCE RTX 3080 ICHILL X4 LHR 8G GDDR6X PCI Express 4.0 x16 Graphics Card,3069,https://www.newegg.ca/p/1FT-0040-000M8?Description=3080&cm_re=3080-_-9SIADDZFD51037-_-Product
,,
"Colorful iGame GeForce RTX 3080 Ti NB 12GB GDDR6 384bit 19Gbps PCIE 4.0 Gaming Graphics Card, RGB Light ,Intelligent Start-stop Fans - LHR Triple Fans Black",1961,https://www.newegg.ca/colorful-geforce-rtx-3080-ti-rtx-3080-ti-nb/p/1FT-005B-000H8?Description=3080&cm_re=3080-_-9SIAZYPHEV5214-_-Product
,,
"EVGA GeForce RTX 3080 Ti FTW3 ULTRA GAMING Video Card, 12G-P5-3967-KR, 12GB GDDR6X, iCX3 Technology, ARGB LED, Metal Backplate",3899,https://www.newegg.ca/evga-geforce-rtx-3080-ti-ftw3-ultra/p/1FT-0009-00712?Description=3080&cm_re=3080-_-9SIAU36GPP2726-_-Product
,,
MSI Suprim GeForce RTX 3080 Ti 12GB GDDR6X PCI Express 4.0 ATX Video Card RTX 3080 Ti SUPRIM X 12G,1970,https://www.newegg.ca/p/1FT-0009-00978?Description=3080&cm_re=3080-_-9SIAZYPHEU6925-_-Product
,,
"Colorful iGame GeForce RTX 3080 Ti Vulcan OC 12GB GDDR6 384bit 19Gbps PCIE 4.0 Gaming Graphics Card, RGB Light ,Intelligent Start-stop Fans - LHR Liquid Cooler Black",2160,https://www.newegg.ca/p/1FT-005B-000H9?Description=3080&cm_re=3080-_-9SIAZYPHEV2061-_-Product
,,
"GEFORCE RTX 3080 XingjiHongjue Graphics Card, 10GB 320-bit GDDR6X, PCI Express 4.0 x16",2919,https://www.newegg.ca/p/1FT-0040-000R0?Description=3080&cm_re=3080-_-9SIADDZFD50915-_-Product
,,
GEFORCE RTX 3080 Ti Chasing The Wind 12G Graphics Card (LHR version),3699,https://www.newegg.ca/p/1FT-0040-000K7?Description=3080&cm_re=3080-_-9SIADDZFD51035-_-Product
,,
MSI Gaming GeForce RTX 3080 10GB Video Card RTX 3080 GAMING TRIO PLUS 10G LHR,1989,https://www.newegg.ca/msi-3080-gaming-trio-plus/p/1FT-0009-008U6?Description=3080&cm_re=3080-_-9SIAVH1HG51638-_-Product
,,
"GIGABYTE AORUS GeForce RTX 3080 XTREME 10G (LHR) Graphics Card, 10GB 320-Bit GDDR6X, PCI Express 4.0, 3×HDMI Interface, 3×DisplayPort Interface",2999,https://www.newegg.ca/gigabyte-geforce-rtx-3080-gv-n3080aorus-x-10gd/p/1FT-000A-003G8?Description=3080&cm_re=3080-_-9SIADDZGPR3222-_-Product
,,
"INNO3D Geforce RTX 3080 TI GAMING X3(LHR)Graphics Card, 12GB 384-bit GDDR6X, PCI Express 4.0, 1×HDMI 2.1 Interface, 3×DisplayPort 1.4a Interface",2498,https://www.newegg.ca/inno3d-geforce-rtx-3080-ti-rtx-3080-ti-gaming-x3/p/1FT-000N-001F9?Description=3080&cm_re=3080-_-1FT-000N-001F9-_-Product
,,
"GEFORCE RTX 3080 ICHILL FROSTBITE 10G GDDR6X PCI Express 4.0 x16 Graphics Card, Split Water Cooling, RGB Lighting Effect, Metal Backplane",3699,https://www.newegg.ca/p/1FT-0040-000N0?Description=3080&cm_re=3080-_-9SIADDZFD51014-_-Product
,,
GEFORCE RTX 3080 TI ICHILL X4 12G GDDR6X PCI Express 4.0 x16 Graphics Card,4049,https://www.newegg.ca/p/1FT-0040-000M9?Description=3080&cm_re=3080-_-9SIADDZFD51025-_-Product
,,
GEFORCE RTX3080 Ti Glare OC 12G GDDR6X Graphics Card,4049,https://www.newegg.ca/p/1FT-0040-000M5?Description=3080&cm_re=3080-_-9SIADDZFD51059-_-Product
,,
"GIGABYTE GeForce RTX 3080 GAMING OC 10G (LHR) Graphics Card, 10GB 320-Bit GDDR6X, PCI Express 4.0, 2 x HDMI 2.1, 3 x DisplayPort 1.4a",1439,https://www.newegg.ca/gigabyte-geforce-rtx-3080-gv-n3080gaming-oc-10gd/p/1FT-000A-003G7?Description=3080&cm_re=3080-_-1FT-000A-003G7-_-Product
,,
"WinFast RTX 3080 Ti LIFE ES LHR Graphics Card, 12GB 384-bit GDDR6X, Support PCI Express 4.0, 1365MHz Core Frequency and 19000MHz Memory Frequency, 1×HDMI2.1, 3×DisplayPort1.4a",4999,https://www.newegg.ca/lt-rtx-3080-ti-life-es-lhr/p/1FT-0040-00100?Description=3080&cm_re=3080-_-9SIADDZFFY5239-_-Product
,,
"LEADTEK GeForce RTX 3080 Ti LIFE ES (LHR) Video Card,12GB 384-bit GDDR6X,PCI Express 4.0,1×HDMI2.1 Interface, 3×DisplayPort1.4a Interface",2899,https://www.newegg.ca/p/1FT-0040-00135?Description=3080&cm_re=3080-_-9SIADDZGR11528-_-Product
,,
"MSI GeForce RTX 3080 SUPRIM X 10G LHR Graphics Card, 10GB 320-bit GDDR6X, PCI Express 4.0, 1×HDMI 2.1 Interface, 3×DisplayPort 1.4a Interface",2499,https://www.newegg.ca/msi-geforce-rtx-3080-rtx-3080-suprim-x-10g-lhr/p/1FT-0009-008A4?Description=3080&cm_re=3080-_-9SIADDZGPR8609-_-Product
,,
"GIGABYTE AORUS GeForce RTX 3080 MASTER 10G (LHR) Graphics Card, 10GB 320-Bit GDDR6X, PCI Express 4.0, 3×HDMI Interface, 3×DisplayPort Interface",2939,https://www.newegg.ca/gigabyte-geforce-rtx-3080-gv-n3080aorus-m-10gd/p/1FT-000A-003H0?Description=3080&cm_re=3080-_-9SIADDZGPR3597-_-Product
,,
MSI Gaming GeForce RTX 3080 Ti 12GB GDDR6X PCI Express 4.0 Video Card RTX 3080 Ti Gaming X Trio 12G,2299,https://www.newegg.ca/msi-gaming-geforce-rtx-3080-ti-12gb-gddr6x-pci-express-4-0-video-card-rtx-3080-ti-gaming-x-trio-12g/p/1FT-0009-00708?Description=3080&cm_re=3080-_-1FT-0009-00708-_-Product
,,
GEFORCE RTX 3080 Ice Dragon Super Edition 10G GDDR6X Graphics Card (LHR Version),2899,https://www.newegg.ca/p/1FT-0040-000K2?Description=3080&cm_re=3080-_-9SIADDZFD51070-_-Product
,,
"INNO3D GeForce RTX 3080 Ice Dragon Super Edition (LHR) Graphics Card, 10GB 320-bit GDDR6X, PCI Express 4.0, 1×HDMI 2.1 Interface, 3×DisplayPort 1.4a Interface",1719,https://www.newegg.ca/inno3d-geforce-rtx-3080-rtx-3080-ice-dragon-super-edition-lhr/p/1FT-000N-001G0?Description=3080&cm_re=3080-_-1FT-000N-001G0-_-Product
,,
MSI Suprim GeForce RTX 3080 12GB GDDR6X PCI Express 4.0 Video Card RTX 3080 SUPRIM X 12G LHR,2099,https://www.newegg.ca/p/1FT-0009-008Y5?Description=3080&cm_re=3080-_-1FT-0009-008Y5-_-Product
,,
"GIGABYTE GeForce RTX 3080 VISION OC 10G (LHR) Graphics Card, 10GB 320-Bit GDDR6X, PCI Express 4.0, 2×HDMI Interface, 3×DisplayPort Interface",1418,https://www.newegg.ca/gigabyte-geforce-rtx-3080-gv-n3080vision-oc-10gd/p/1FT-000A-003G9?Description=3080&cm_re=3080-_-1FT-000A-003G9-_-Product
,,
Galaxy RTX Geforce 3080TI 12GB GDDR6 PCI Express 4.0 Metal master Video Card RTX 3080 Ti OC,2059,https://www.newegg.ca/p/1FT-00HM-00005?Description=3080&cm_re=3080-_-9SIAZYPHEV6467-_-Product
,,
"MSI GeForce RTX 3080 GAMING Z TRIO 10G (LHR) Graphics Card, 10GB 320-bit GDDR6X, PCI Express 4.0, 1×HDMI2.1 Interface, 3×DisplayPort1.4a Interface",2779,https://www.newegg.ca/msi-geforce-rtx-3080-rtx-3080-gaming-z-trio-10g-lhr/p/1FT-0009-008B3?Description=3080&cm_re=3080-_-9SIADDZH9P7264-_-Product
,,
MSI Gaming GeForce RTX 3080 10GB GDDR6X PCI Express 4.0 ATX Video Card RTX 3080 GAMING TRIO PLUS 10G LHR,1269,https://www.newegg.ca/msi-geforce-rtx-3080-rtx-3080-gaming-trio-plus-10g-lhr/p/N82E16814137701?Description=3080&cm_re=3080-_-14-137-701-_-Product
,,
"ASUS TUF Gaming NVIDIA GeForce RTX 3080 O10G V2 GAMING Edition Graphics Card (PCIe 4.0, 10GB GDDR6X, LHR, HDMI 2.1, DisplayPort 1.4a, Dual Ball Fan Bearings, Military-grade Certification)",1438,https://www.newegg.ca/asus-geforce-rtx-3080-tuf-rtx3080-o10g-v2-gaming/p/1FT-000Y-006C3?Description=3080&cm_re=3080-_-1FT-000Y-006C3-_-Product
,,
ASUS TUF Gaming GeForce RTX 3080 TUF-RTX3080-O10G-GAMING Video Card,1650,https://www.newegg.ca/asus-geforce-rtx-3080-tuf-rtx3080-o10g-gaming/p/N82E16814126452?Description=3080&cm_re=3080-_-9SIBBB2HBZ1036-_-Product
,,
ASUS ROG Strix GeForce RTX 3080 10GB GDDR6X PCI Express 4.0 Video Card ROG-STRIX-RTX3080-O10G-GAMING,1718,https://www.newegg.ca/asus-geforce-rtx-3080-rog-strix-rtx3080-o10g-gaming/p/N82E16814126457?Description=3080&cm_re=3080-_-14-126-457-_-Product
,,
"GIGABYTE GeForce RTX 3080 GAMING OC 10GB Video Card, GV-N3080GAMING OC-10GD",1520,https://www.newegg.ca/gigabyte-geforce-rtx-3080-gv-n3080gaming-oc-10gd/p/N82E16814932329?Description=3080&cm_re=3080-_-9SIAMW5GPH9075-_-Product
,,
"GIGABYTE AORUS GeForce RTX 3080 XTREME WATERFORCE 10GB Video Card, GV-N3080AORUSX W-10GD",3629,https://www.newegg.ca/gigabyte-geforce-rtx-3080-gv-n3080aorusx-w-10gd/p/N82E16814932372?Description=3080&cm_re=3080-_-9SIAHEBFRN0902-_-Product
,,
GIGABYTE Eagle GeForce RTX 3080 Ti 12GB GDDR6X PCI Express 4.0 ATX Video Card GV-N308TEAGLE-12GD,2464,https://www.newegg.ca/gigabyte-geforce-rtx-3080-ti-gv-n308teagle-12gd/p/N82E16814932439?Description=3080&cm_re=3080-_-14-932-439-_-Product
,,
GIGABYTE AORUS GeForce RTX 3080 Ti 12GB GDDR6X PCI Express 4.0 ATX Video Card GV-N308TAORUSX W-12GD,2029,https://www.newegg.ca/gigabyte-geforce-rtx-3080-ti-gv-n308taorusx-w-12gd/p/N82E16814932462?Description=3080&cm_re=3080-_-14-932-462-_-Product
,,
"ASUS ROG STRIX NVIDIA GeForce RTX 3080 GUNDAM EDITION Graphics Card (Limited Edition, PCIe 4.0, 10GB GDDR6X, HDMI 2.1, DisplayPort 1.4a, Axial-tech Fan Design, 2.9-slot, Super Alloy Power II)",4210,https://www.newegg.ca/asus-rog-strix-nvidia-geforce-rtx-3080-gundam-edition/p/N82E16814126506?Description=3080&cm_re=3080-_-9SIB307FPZ0712-_-Product
,,
"ZOTAC GAMING GeForce RTX 3080 AMP Holo 10GB GDDR6X 320-bit 19 Gbps PCIE 4.0 Gaming Graphics Card, HoloBlack, IceStorm 2.0 Advanced Cooling, SPECTRA 2.0 RGB Lighting, ZT-A30800F-10P",3479,https://www.newegg.ca/zotac-geforce-rtx-3080-zt-a3080f-10p/p/N82E16814500513?Description=3080&cm_re=3080-_-9SIADDZFD51585-_-Product
,,
ASUS ROG Strix GeForce RTX 3080 10GB GDDR6X PCI Express 4.0 x16 Video Card ROG-STRIX-RTX3080-O10G-V2-GAMING LHR,1690,https://www.newegg.ca/p/1FT-000Y-00669?Description=3080&cm_re=3080-_-1FT-000Y-00669-_-Product
,,
"ZOTAC GAMING GeForce RTX 3080 Trinity OC 10GB GDDR6X 320-bit 19 Gbps PCIE 4.0 Gaming Graphics Card, IceStorm 2.0 Advanced Cooling, SPECTRA 2.0 RGB Lighting, ZT-A30800J-10P",2599,https://www.newegg.ca/zotac-geforce-rtx-3080-zt-t30800j-10p/p/N82E16814500504?Description=3080&cm_re=3080-_-9SIA9U1FAT0799-_-Product
,,
MSI Ventus GeForce RTX 3080 Ti 12GB GDDR6X PCI Express 4.0 x16 ATX Video Card RTX 3080 Ti VENTUS 3X 12G,1999,https://www.newegg.ca/p/1FT-0009-006E4?Description=3080&cm_re=3080-_-9SIAZYPHEU9165-_-Product
,,
MSI Ventus GeForce RTX 3080 10GB GDDR6X PCI Express 4.0 Video Card RTX 3080 VENTUS 3X 10G OC,2999,https://www.newegg.ca/p/1FT-0009-006D8?Description=3080&cm_re=3080-_-1FT-0009-006D8-_-Product
,,
"GIGABYTE GeForce RTX 3080 VISION OC 10GB Video Card, GV-N3080VISION OC-10GD (REV2.0)",1419,https://www.newegg.ca/p/1FT-000A-002F0?Description=3080&cm_re=3080-_-9SIAPBWH9T3010-_-Product
,,
MSI Gaming GeForce RTX 3080 Ti 12GB GDDR6X PCI Express 4.0 x16 Video Card RTX 3080 Ti Gaming Trio 12G,2998,https://www.newegg.ca/p/1FT-0009-006G8?Description=3080&cm_re=3080-_-1FT-0009-006G8-_-Product
,,
GAINWARD GeForce RTX 3080 Ti chasing the wind Ti 12GB GDDR6X PCI Express 4.0 Video Card RTX 3080 Ti Gaming X Trio 12G,2899,https://www.newegg.ca/gainward-ga102-225/p/27N-0075-00014?Description=3080&cm_re=3080-_-27N-0075-00014-_-Product
,,
GIGABYTE Gaming GeForce RTX 3080 GAMING OC WATERFORCE WB 10GB GDDR6X PCI Express 4.0 x16 ATX Video Card GV-N3080GAMINGOC WB-10GD,3189,https://www.newegg.ca/gigabyte-geforce-rtx-3080-gv-n3080gamingoc-wb-10gd/p/N82E16814932424?Description=3080&cm_re=3080-_-9SIAHEBG0C5575-_-Product
,,
"GAINWARD GeForce RTX 3080 Ti glare OC Edition Gaming Graphics Card (PCIe 4.0, 12GB GDDR6X, HDMI 2.1, 384bit,1695MHz)",3099,https://www.newegg.ca/gainward-ga102-225/p/27N-0075-00016?Description=3080&cm_re=3080-_-27N-0075-00016-_-Product
,,
"GAINWARD GeForce RTX 3080  Glare G Edition Gaming Graphics Card (PCIe 4.0, 10GB GDDR6X, HDMI 2.1, 320bit, 1710MHz)",2399,https://www.newegg.ca/gainward-ga102-202/p/27N-0075-00017?Description=3080&cm_re=3080-_-27N-0075-00017-_-Product
,,
"GAINWARD GeForce RTX 3080 Ti Star pole Blue Jazz OCEdition Gaming Graphics Card (PCIe 4.0, 12GB GDDR6X, HDMI 2.1, 384bit,1695MHz)",3599,https://www.newegg.ca/gainward-bule-jazz/p/27N-0075-00015?Description=3080&cm_re=3080-_-27N-0075-00015-_-Product
,,
ZOTAC GAMING GeForce RTX 3080 Trinity OC 10GB GDDR6X White Edition LHR (ZT-A30800K-10PLHR),1377,https://www.newegg.ca/p/1FT-000M-00316?Description=3080&cm_re=3080-_-1FT-000M-00316-_-Product
,,
MSI Gaming GeForce RTX 3080 10GB GDDR6X PCI Express 4.0 x16 ATX Video Card RTX 3080 Gaming Z Trio,4181,https://www.newegg.ca/p/1FT-0009-008F1?Description=3080&cm_re=3080-_-9SIB518HCJ2614-_-Product
,,
MSI Gaming GeForce RTX 3080 12GB GDDR6X PCI Express 4.0 ATX Video Card RTX 3080 GAMING Z TRIO 12G LHR,1846,https://www.newegg.ca/p/1FT-0009-00A64?Description=3080&cm_re=3080-_-9SIBBB2HH69448-_-Product
,,
MSI Gaming GeForce RTX 3080 12GB GDDR6X PCI Express 4.0 ATX Video Card RTX 3080 GAMING Z TRIO 12G LHR,1800,https://www.newegg.ca/p/1FT-0009-00963?Description=3080&cm_re=3080-_-9SIB612HE82233-_-Product
,,
ASUS TUF Gaming NVIDIA GeForce RTX 3080 Ti 12GB GDDR6X Graphics Card,3336,https://www.newegg.ca/p/1FT-000Y-00685?Description=3080&cm_re=3080-_-9SIAFYUHP44128-_-Product
,,
PNY XLR8 GeForce RTX 3080 Ti 12GB GDDR6X PCI Express 4.0 ATX Video Card VCG3080T12TFXPPB,2249,https://www.newegg.ca/pny-geforce-rtx-3080-ti-vcg3080t12tfxppb/p/N82E16814133823?Description=3080&cm_re=3080-_-9SIAKWVGB37474-_-Product
,,
GIGABYTE AORUS Nvidia GeForce RTX 3080 Ti 12G NVIDIA Graphics,3199,https://www.newegg.ca/p/1FT-000A-003T0?Description=3080&cm_re=3080-_-9SIB42GHD95297-_-Product
,,
GDDR6X Gigabyte GeForce RTX 3080 GAMING OC 10G LHR Graphics Card 320bit PCI Express 4.0 16X PC RTX,2392,https://www.newegg.ca/p/1FT-000A-003U5?Description=3080&cm_re=3080-_-9SIB42GHD95676-_-Product
,,
"2021 Newst ASUS TUF Gaming NVIDIA GeForce RTX 3080 OC Edition Graphics Card- PCIe 4.0, 10GB GDDR6X,",3801,https://www.newegg.ca/p/1FT-000Y-006S1?Description=3080&cm_re=3080-_-9SIB517HCK3974-_-Product
,,
"ASUS ROG Strix GeForce RTX 3080 10GB GDDR6X PCI Express 4.0 x16 Video Card ROG-STRIX-RTX3080-O10G-GUNDAM,WHITE GPU,WHITE Graphics Card",4999,https://www.newegg.ca/p/1FT-000Y-00611?Description=3080&cm_re=3080-_-1FT-000Y-00611-_-Product
,,
"ASUS TUF Gaming NVIDIA GeForce RTX 3080 OC Edition Graphics Card (PCIe 4.0, 12GB GDDR6X, LHR",1693,https://www.newegg.ca/p/1FT-000Y-00835?Description=3080&cm_re=3080-_-9SIBBB2HP98846-_-Product
,,
GAINWARD GeForce RTX 3080 Ti 12GB GDDR6X chasing the wind  PCI Express 4.0 16X Video Card,3389,https://www.newegg.ca/gainward-ga102-225/p/1FT-00FZ-00002?Description=3080&cm_re=3080-_-9SIAJECJ3G7832-_-Product
,,
MAXSUN GeForce RTX3080Ti Turbo X3 12G T1 GDDR6X PCI Express 4.0 Video Card RTX 3080 Ti Turbo X3 12G,1699,https://www.newegg.ca/p/1FT-009J-000A4?Description=3080&cm_re=3080-_-9SIB86YHAN0738-_-Product
,,
"ASUS TUF Gaming GeForce RTX 3080 Ti OC Edition Graphics Card (PCIe 4.0, 12GB GDDR6X, HDMI 2.1, DisplayPort 1.4a, Dual Ball Fan Bearings), TUF-RTX3080TI-O12G-GAMING",1949,https://www.newegg.ca/p/1FT-000Y-00614?Description=3080&cm_re=3080-_-1FT-000Y-00614-_-Product
,,
"GIGABYTE GeForce RTX 3080 VISION OC 10GB Video Card, GV-N3080VISION OC-10GD,NOT LHR",2320,https://www.newegg.ca/p/1FT-000A-002C6?Description=3080&cm_re=3080-_-9SIAPBWFD56637-_-Product
,,
"ASUS ROG Strix NVIDIA GeForce RTX 3080 Ti OC Edition Gaming Graphics Card (PCIe 4.0, 12GB GDDR6X,",3111,https://www.newegg.ca/p/1FT-000Y-006N1?Description=3080&cm_re=3080-_-9SIB517HBX0465-_-Product
,,
RTX 3080 Ti Gaming X Trio 12GB,2899,https://www.newegg.ca/p/1FT-0009-008F4?Description=3080&cm_re=3080-_-9SIB518HCJ2710-_-Product
,,
"EVGA GeForce RTX 3080 XC3 BLACK GAMING Video Card, 10G-P5-3881-KL, 10GB GDDR6X, iCX3 Cooling, ARGB LED, LHR",2299,https://www.newegg.ca/evga-geforce-rtx-3080-10g-p5-3881-kl/p/N82E16814487543?Description=3080&cm_re=3080-_-9SIA9U1FGC2193-_-Product
,,
"ASUS ROG Strix GeForce RTX 3080 Ti OC Edition Gaming Graphics Card (PCIe 4.0, 12GB GDDR6X, HDMI 2.1, DisplayPort 1.4a, Axial-tech Fan Design, 2.9-slot), ROG-STRIX-RTX3080TI-O12G-GAMING",2299,https://www.newegg.ca/p/1FT-000Y-00615?Description=3080&cm_re=3080-_-1FT-000Y-00615-_-Product
,,
"GIGABYTE GeForce RTX 3080 GAMING OC 10GB Video Card, GV-N3080GAMING OC-10GD (REV 2.0)",1438,https://www.newegg.ca/p/1FT-000A-002E7?Description=3080&cm_re=3080-_-9SIAPBWHAY5179-_-Product
,,
"GIGABYTE AORUS GeForce RTX 3080 XTREME 10GB Video Card, GV-N3080AORUS X-10GD,NOT LHR",3299,https://www.newegg.ca/p/1FT-000A-002D9?Description=3080&cm_re=3080-_-9SIADDZFG03141-_-Product
,,
"GIGABYTE AORUS GeForce RTX 3080 XTREME WATERFORCE 10GB Video Card, GV-N3080AORUSX W-10GD,NOT LHR",3191,https://www.newegg.ca/p/1FT-000A-002D2?Description=3080&cm_re=3080-_-9SIAPBWFD56639-_-Product
,,
ASUS ROG Strix GeForce RTX 3080 10GB GDDR6X PCI Express 4.0 Video Card ROG-STRIX-RTX3080-O10G-WHITE-V2 LHR,1954,https://www.newegg.ca/p/1FT-000Y-007C8?Description=3080&cm_re=3080-_-9SIBBB2HBZ1824-_-Product
,,
"ASUS TUF Gaming NVIDIA GeForce RTX 3080 Ti Graphics Card (PCIe 4.0, 12GB GDDR6X, HDMI 2.1, DisplayPort 1.4a, Dual Ball Fan Bearings, Military-grade Certification), TUF-RTX3080TI-12G-GAMING",3834,https://www.newegg.ca/p/1FT-000Y-005V9?Description=3080&cm_re=3080-_-9SIB25VG003623-_-Product
,,
"ASUS ROG Strix GeForce RTX 3080 10GB GDDR6X PCI Express 4.0 x16 Video Card ROG-STRIX-RTX3080-O10G-GAMING,Not LHR. Do not lock hashrate",2321,https://www.newegg.ca/p/1FT-000Y-00625?Description=3080&cm_re=3080-_-9SIB2K2GPN8674-_-Product
,,
"ASUS TUF Gaming NVIDIA GeForce RTX 3080 Ti OC Edition Graphics Card (PCIe 4.0, 12GB GDDR6X, HDMI",2768,https://www.newegg.ca/p/1FT-000Y-006N3?Description=3080&cm_re=3080-_-1FT-000Y-006N3-_-Product
,,
"AX GEFORCE RTX 3080 Ti X3W (LHR) Video Card,12GB 384-bit GDDR6X,PCI Express 4.0,1×HDMI Interface, 3×DisplayPort Interface",2799,https://www.newegg.ca/p/1FT-0040-00139?Description=3080&cm_re=3080-_-9SIADDZGR11358-_-Product
,,
MSI Ventus GeForce RTX 3080 12GB GDDR6X PCI Express 4.0 Video Card RTX 3080 VENTUS 3X PLUS 12G OC LHR,1249,https://www.newegg.ca/msi-geforce-rtx-3080-rtx-3080-ventus-3x-plus-12g-oc-lhr/p/N82E16814137712R?Description=3080&cm_re=3080-_-14-137-712R-_-Product
,,
GIGABYTE AORUS GeForce RTX 3080 Ti 12GB GDDR6X PCI Express 4.0 ATX Video Card GV-N308TAORUS X-12GD,1999,https://www.newegg.ca/gigabyte-geforce-rtx-3080-ti-gv-n308taorus-x-12gd/p/N82E16814932440R?Description=3080&cm_re=3080-_-14-932-440R-_-Product
,,
MSI Gaming GeForce RTX 3080 Ti 12GB GDDR6X PCI Express 4.0 Video Card RTX 3080 Ti Gaming X Trio 12G and MSI SPATIUM Series M.2 2280 2TB PCI-Express 4.0 x4 NVMe 1.3 3D NAND Internal Solid State Drive (SSD) M470,2144,https://www.newegg.ca/Product/ComboDealDetails?ItemList=Combo.4473875
,,
MSI Ventus GeForce RTX 3080 Ti 12GB GDDR6X PCI Express 4.0 ATX Video Card RTX 3080 Ti Ventus 3X 12G OC and Intel Core i7-11700K - Core i7 11th Gen Rocket Lake 8-Core 3.6 GHz LGA 1200 125W Intel UHD Graphics 750 Desktop Processor - BX8070811,2434,https://www.newegg.ca/Product/ComboDealDetails?ItemList=Combo.4452857
,,
ASUS ROG STRIX GeForce RTX 3080 Ti 12GB GDDR6X PCI Express 4.0 x16 Video Card ROG-STRIX-LC-RTX3080TI-O12G-GAMING and ASUS ROG Thor 1200 80+ Platinum 1200W Fully Modular RGB Power Supply with LIVEDASH OLED Panel and 10 Year Warranty,2474,https://www.newegg.ca/Product/ComboDealDetails?ItemList=Combo.4405083
,,
ASUS TUF Gaming GeForce RTX 3080 Ti 12GB GDDR6X PCI Express 4.0 Video Card TUF-RTX3080TI-12G-GAMING and ASUS ROG Crosshair VIII Dark Hero AM4 AMD X570S SATA 6Gb/s ATX AMD Motherboard,2543,https://www.newegg.ca/Product/ComboDealDetails?ItemList=Combo.4431199
,,
Rosewill Hive Series 850W Full Modular Gaming Power Supply 80 PLUS Bronze Certified Single +12V Rail SLI CrossFire Ready - Hive-850s and ASUS TUF Gaming NVIDIA GeForce RTX 3080 OC Edition Graphics Card (PCIe 4.0 12GB GDDR6X LHR HDMI 2.1 Dis,1609,https://www.newegg.ca/Product/ComboDealDetails?ItemList=Combo.4482196
,,
Rosewill SMG850 80 Plus Gold Certified 850W Fully Modular Power Supply | ATX 12V v2.31 EPS 12V v2.92 | 135mm Quiet Fan | Japanese Capacitors | 5 Year Warranty and ASUS TUF Gaming NVIDIA GeForce RTX 3080 OC Edition Graphics Card (PCIe 4.0 12,1639,https://www.newegg.ca/Product/ComboDealDetails?ItemList=Combo.4482198
,,
Rosewill Hive Series 850W Full Modular Gaming Power Supply 80 PLUS Bronze Certified Single +12V Rail SLI CrossFire Ready - Hive-850s and ASUS ROG Strix NVIDIA GeForce RTX 3080 OC Edition Gaming Graphics Card (PCIe 4.0 12GB GDDR6X LHR HDMI 2,1684,https://www.newegg.ca/Product/ComboDealDetails?ItemList=Combo.4484196
,,
GIGABYTE Vision GeForce RTX 3080 Ti 12GB GDDR6X PCI Express 4.0 ATX Video Card GV-N308TVISION OC-12GD and CORSAIR RMx Series (2021) RM1000x CP-9020201-NA 1000 W ATX12V / EPS12V SLI Ready CrossFire Ready 80 PLUS GOLD Certified Full Modular A,1949,https://www.newegg.ca/Product/ComboDealDetails?ItemList=Combo.4452200
,,
Rosewill SMG850 80 Plus Gold Certified 850W Fully Modular Power Supply | ATX 12V v2.31 EPS 12V v2.92 | 135mm Quiet Fan | Japanese Capacitors | 5 Year Warranty and ASUS ROG Strix NVIDIA GeForce RTX 3080 OC Edition Gaming Graphics Card (PCIe,1714,https://www.newegg.ca/Product/ComboDealDetails?ItemList=Combo.4484194
,,
ASUS TUF Gaming GeForce RTX 3080 Ti 12GB GDDR6X PCI Express 4.0 Video Card TUF-RTX3080TI-O12G-GAMING and Rosewill - BRONZE Series - 1000-Watt Active PFC Power Supply - Continuous 104 Deg. F (40C) 80 PLUS Bronze Semi-Modular Cable Design ATX,1894,https://www.newegg.ca/Product/ComboDealDetails?ItemList=Combo.4484330
,,
ASUS TUF Gaming GeForce RTX 3080 Ti 12GB GDDR6X PCI Express 4.0 Video Card TUF-RTX3080TI-O12G-GAMING and ASUS ROG STRIX Z590-A GAMING WIFI LGA 1200 Intel Z590 SATA 6Gb/s ATX Intel Motherboard and Rosewill SMG750 80 Plus Gold Certified 750W,2183,https://www.newegg.ca/Product/ComboDealDetails?ItemList=Combo.4452328
,,
Rosewill - BRONZE Series - 1000-Watt Active PFC Power Supply - Continuous 104 Deg. F (40C) 80 PLUS Bronze Semi-Modular Cable Design ATX 12V v2.3 / EPS 12V SLI CrossFire Ready - RBR1000-MS and ASUS ROG Strix NVIDIA GeForce RTX 3080 OC Editio,1674,https://www.newegg.ca/Product/ComboDealDetails?ItemList=Combo.4484192
,,
GIGABYTE Gaming OC GeForce RTX 3080 10GB GDDR6X PCI Express 4.0 ATX Video Card GV-N3080GAMING OC-10GD (rev. 2.0) (LHR) and GIGABYTE B550 AORUS ELITE AM4 AMD B550 ATX Motherboard with Dual M.2 SATA 6Gb/s USB 3.2 Gen 2 2.5 GbE LAN PCIe 4.0 an,1653,https://www.newegg.ca/Product/ComboDealDetails?ItemList=Combo.4452438
,,
Rosewill - BRONZE Series - 1000-Watt Active PFC Power Supply - Continuous 104 Deg. F (40C) 80 PLUS Bronze Semi-Modular Cable Design ATX 12V v2.3 / EPS 12V SLI CrossFire Ready - RBR1000-MS and ASUS TUF Gaming NVIDIA GeForce RTX 3080 OC Editi,1599,https://www.newegg.ca/Product/ComboDealDetails?ItemList=Combo.4482194
,,
GIGABYTE Gaming OC GeForce RTX 3080 10GB GDDR6X PCI Express 4.0 ATX Video Card GV-N3080GAMING OC-10GD (rev. 2.0) (LHR) and GIGABYTE B550 AORUS PRO AC AM4 AMD B550 ATX Motherboard with Dual M.2 SATA 6Gb/s USB 3.2 Gen 2 Intel 802.11ac 2.5 GbE,1654,https://www.newegg.ca/Product/ComboDealDetails?ItemList=Combo.4452440
,,
ASUS TUF Gaming NVIDIA GeForce RTX 3080 OC Edition Graphics Card (PCIe 4.0 12GB GDDR6X LHR HDMI 2.1 DisplayPort 1.4a Dual Ball Fan Bearings Military-grade Certification GPU Tweak) and ASUS AM4 TUF Gaming X570-Plus (Wi-Fi) ATX Motherboard wi,2254,https://www.newegg.ca/Product/ComboDealDetails?ItemList=Combo.4471459
,,
ZOTAC AMP Holo GeForce RTX 3080 Ti 12GB GDDR6X PCI Express 4.0 Video Card ZT-A30810F-10P and Intel Core i7-11700K - Core i7 11th Gen Rocket Lake 8-Core 3.6 GHz LGA 1200 125W Intel UHD Graphics 750 Desktop Processor - BX8070811700K and ASRoc,2267,https://www.newegg.ca/Product/ComboDealDetails?ItemList=Combo.4405019
,,
ASUS ROG Strix GeForce RTX 3080 V2 OC Edition 10GB GDDR6X PCI Express 4.0 x16 Video Card ROG-STRIX-RTX3080-O10G-V2-GAMING (LHR) and Intel Core i9-11900K - Core i9 11th Gen Rocket Lake 8-Core 3.5 GHz LGA 1200 125W Intel UHD Graphics 750 Desk,2494,https://www.newegg.ca/Product/ComboDealDetails?ItemList=Combo.4433971
,,
CORN GeForce RTX 3080Ti-12G6X PGF OC Graphics Card,4539,https://www.newegg.ca/corn-rtx-3080-ti-oc/p/1FT-0040-000M4?Description=3080&cm_re=3080-_-9SIADDZFD51063-_-Product
,,
CORN RTX 3080Ti-12G6X Apocalypse OC Graphics Card Lite Hash Rate,4129,https://www.newegg.ca/corn-rtx-3080-ti-oc/p/1FT-0040-000M6?Description=3080&cm_re=3080-_-9SIADDZFD51052-_-Product
,,
CORN GeForce RTX 3080Ti-12G6X X-GAMING OC Graphics Card LHR,3789,https://www.newegg.ca/corn-rtx-3080-ti-oc/p/1FT-0040-000M3?Description=3080&cm_re=3080-_-9SIADDZFD51018-_-Product
